[
  {
    "Fertilizer": "Calcium nitrate (15.5-0-0, 19% Ca)",
    "N": 0.155,
    "P": 0,
    "K": 0,
    "Ca": 0.19,
    "Mg": 0,
    "S": 0,
    "Fe": 0,
    "Mn": 0,
    "Zn": 0,
    "Cu": 0,
    "B": 0,
    "Mo": 0,
    "Tank": "A",
    "Note": "Keep Ca away from PO4/SO4 in stock."
  },
  {
    "Fertilizer": "Potassium nitrate (13.7% N, 38.7% K)",
    "N": 0.137,
    "P": 0,
    "K": 0.387,
    "Ca": 0,
    "Mg": 0,
    "S": 0,
    "Fe": 0,
    "Mn": 0,
    "Zn": 0,
    "Cu": 0,
    "B": 0,
    "Mo": 0,
    "Tank": "B",
    "Note": "Main K source; pairs with CaNO3."
  },
  {
    "Fertilizer": "Monopotassium phosphate KH2PO4",
    "N": 0,
    "P": 0.227,
    "K": 0.287,
    "Ca": 0,
    "Mg": 0,
    "S": 0,
    "Fe": 0,
    "Mn": 0,
    "Zn": 0,
    "Cu": 0,
    "B": 0,
    "Mo": 0,
    "Tank": "B",
    "Note": "Primary P source; in B."
  },
  {
    "Fertilizer": "Magnesium sulfate heptahydrate",
    "N": 0,
    "P": 0,
    "K": 0,
    "Ca": 0,
    "Mg": 0.0986,
    "S": 0.129,
    "Fe": 0,
    "Mn": 0,
    "Zn": 0,
    "Cu": 0,
    "B": 0,
    "Mo": 0,
    "Tank": "B",
    "Note": "Adds Mg & S; in B."
  },
  {
    "Fertilizer": "Potassium sulfate K2SO4",
    "N": 0,
    "P": 0,
    "K": 0.449,
    "Ca": 0,
    "Mg": 0,
    "S": 0.184,
    "Fe": 0,
    "Mn": 0,
    "Zn": 0,
    "Cu": 0,
    "B": 0,
    "Mo": 0,
    "Tank": "B",
    "Note": "Optional K without N."
  },
  {
    "Fertilizer": "Iron chelate (Fe-EDTA 13%)",
    "N": 0,
    "P": 0,
    "K": 0,
    "Ca": 0,
    "Mg": 0,
    "S": 0,
    "Fe": 0.13,
    "Mn": 0,
    "Zn": 0,
    "Cu": 0,
    "B": 0,
    "Mo": 0,
    "Tank": "A",
    "Note": "Use EDDHA if high pH."
  },
  {
    "Fertilizer": "Micronutrient premix (example)",
    "N": 0,
    "P": 0,
    "K": 0,
    "Ca": 0,
    "Mg": 0,
    "S": 0,
    "Fe": 0.07,
    "Mn": 0.02,
    "Zn": 0.004,
    "Cu": 0.001,
    "B": 0.013,
    "Mo": 0.0006,
    "Tank": "B",
    "Note": "Edit % to your TE mix label."
  }
]