[
  {
    "Crop": "Lettuce",
    "Stage": "Seedling",
    "N": 80,
    "P": 30,
    "K": 120,
    "Ca": 90,
    "Mg": 25,
    "S": 40,
    "Fe": 1.0,
    "Mn": 0.3,
    "Zn": 0.05,
    "Cu": 0.03,
    "B": 0.3,
    "Mo": 0.05,
    "pH": "5.6–5.9",
    "EC": "1.2–1.5"
  },
  {
    "Crop": "Lettuce",
    "Stage": "Vegetative",
    "N": 150,
    "P": 45,
    "K": 200,
    "Ca": 160,
    "Mg": 40,
    "S": 60,
    "Fe": 2.0,
    "Mn": 0.5,
    "Zn": 0.05,
    "Cu": 0.05,
    "B": 0.3,
    "Mo": 0.05,
    "pH": "5.7–6.0",
    "EC": "1.6–1.9"
  },
  {
    "Crop": "Spinach",
    "Stage": "Vegetative",
    "N": 180,
    "P": 40,
    "K": 220,
    "Ca": 180,
    "Mg": 50,
    "S": 70,
    "Fe": 2.0,
    "Mn": 0.5,
    "Zn": 0.05,
    "Cu": 0.05,
    "B": 0.3,
    "Mo": 0.05,
    "pH": "5.8–6.2",
    "EC": "1.8–2.2"
  },
  {
    "Crop": "Kale",
    "Stage": "Vegetative",
    "N": 170,
    "P": 45,
    "K": 220,
    "Ca": 170,
    "Mg": 45,
    "S": 65,
    "Fe": 2.0,
    "Mn": 0.5,
    "Zn": 0.05,
    "Cu": 0.05,
    "B": 0.3,
    "Mo": 0.05,
    "pH": "5.8–6.2",
    "EC": "1.7–2.1"
  },
  {
    "Crop": "Pak choi",
    "Stage": "Vegetative",
    "N": 160,
    "P": 40,
    "K": 200,
    "Ca": 150,
    "Mg": 40,
    "S": 60,
    "Fe": 2.0,
    "Mn": 0.5,
    "Zn": 0.05,
    "Cu": 0.05,
    "B": 0.3,
    "Mo": 0.05,
    "pH": "5.8–6.2",
    "EC": "1.6–2.0"
  },
  {
    "Crop": "Basil",
    "Stage": "Vegetative",
    "N": 180,
    "P": 50,
    "K": 220,
    "Ca": 170,
    "Mg": 50,
    "S": 70,
    "Fe": 2.5,
    "Mn": 0.5,
    "Zn": 0.05,
    "Cu": 0.05,
    "B": 0.35,
    "Mo": 0.05,
    "pH": "5.8–6.2",
    "EC": "1.7–2.1"
  },
  {
    "Crop": "Mint",
    "Stage": "Vegetative",
    "N": 150,
    "P": 45,
    "K": 200,
    "Ca": 150,
    "Mg": 40,
    "S": 60,
    "Fe": 2.0,
    "Mn": 0.5,
    "Zn": 0.05,
    "Cu": 0.05,
    "B": 0.3,
    "Mo": 0.05,
    "pH": "5.8–6.2",
    "EC": "1.6–2.0"
  },
  {
    "Crop": "Cilantro",
    "Stage": "Vegetative",
    "N": 140,
    "P": 40,
    "K": 180,
    "Ca": 140,
    "Mg": 35,
    "S": 55,
    "Fe": 2.0,
    "Mn": 0.5,
    "Zn": 0.05,
    "Cu": 0.05,
    "B": 0.3,
    "Mo": 0.05,
    "pH": "5.8–6.2",
    "EC": "1.5–1.9"
  },
  {
    "Crop": "Parsley",
    "Stage": "Vegetative",
    "N": 160,
    "P": 45,
    "K": 200,
    "Ca": 160,
    "Mg": 40,
    "S": 60,
    "Fe": 2.0,
    "Mn": 0.5,
    "Zn": 0.05,
    "Cu": 0.05,
    "B": 0.3,
    "Mo": 0.05,
    "pH": "5.8–6.2",
    "EC": "1.6–2.0"
  }
]